trade_date,symbol,expiry_date,close,volume_lots,oi,grams,purity,per_gram_999,days_to_expiry
2026-10-01,GOLDGUINEA,2026-10-30,119993.0,11305,13525,8,999,14999.12,29
2026-10-01,GOLDGUINEA,2026-11-30,121147.0,3323,7551,8,999,15143.38,60
2026-10-01,GOLDGUINEA,2026-12-31,122171.0,928,3301,8,999,15271.38,91
2026-10-01,GOLDGUINEA,2027-01-29,123222.0,256,1753,8,999,15402.75,120
2026-10-01,GOLDGUINEA,2027-02-26,124072.0,109,452,8,999,15509.0,148
2026-10-01,GOLDGUINEA,2027-03-31,124050.0,0,0,8,999,15506.25,181
2026-10-01,GOLDM,2026-10-05,147729.0,1722,1589,10,995,14832.29,4
2026-10-01,GOLDM,2026-11-05,149055.0,41017,42632,10,995,14965.42,35
2026-10-01,GOLDM,2026-12-04,150374.0,14954,14420,10,995,15097.85,64
2026-10-01,GOLDM,2027-01-05,151629.0,1293,3687,10,995,15223.86,96
2026-10-01,GOLDM,2027-02-05,153150.0,368,1815,10,995,15376.57,127
2026-10-01,GOLDM,2027-03-05,154617.0,152,239,10,995,15523.86,155
2026-10-01,GOLDPETAL,2026-10-30,15002.0,239269,198482,1,999,15002.0,29
2026-10-01,GOLDPETAL,2026-11-30,15138.0,85108,124644,1,999,15138.0,60
2026-10-01,GOLDPETAL,2026-12-31,15278.0,26538,52214,1,999,15278.0,91
2026-10-01,GOLDPETAL,2027-01-29,15423.0,7973,36316,1,999,15423.0,120
2026-10-01,GOLDPETAL,2027-02-26,15561.0,4126,11492,1,999,15561.0,148
2026-10-01,GOLDPETAL,2027-03-31,15693.0,727,282,1,999,15693.0,181
2026-10-01,GOLDTEN,2026-10-30,149436.0,22286,29866,10,999,14943.6,29
2026-10-01,GOLDTEN,2026-11-30,150834.0,11846,15703,10,999,15083.4,60
2026-10-01,GOLDTEN,2026-12-31,152128.0,2601,6801,10,999,15212.8,91
2026-10-01,GOLDTEN,2027-01-29,153611.0,657,2923,10,999,15361.1,120
2026-10-01,GOLDTEN,2027-02-26,154910.0,358,823,10,999,15491.0,148
2026-10-01,GOLDTEN,2027-03-31,155662.0,25,21,10,999,15566.2,181
